{
  "Profiles": [
    {
      "Ansi 7 Color": {
        "Red Component": 0.2274509804,
        "Color Space": "sRGB",
        "Blue Component": 0.18823529410000001,
        "Alpha Component": 1,
        "Green Component": 0.20784313730000001
      },
      "Selected Text Color": {
        "Red Component": 0.066666666700000002,
        "Color Space": "sRGB",
        "Blue Component": 0.066666666700000002,
        "Alpha Component": 1,
        "Green Component": 0.066666666700000002
      },
      "Cursor Text Color": {
        "Red Component": 1,
        "Color Space": "sRGB",
        "Blue Component": 1,
        "Alpha Component": 1,
        "Green Component": 1
      },
      "Ansi 15 Color": {
        "Red Component": 0.41960784309999999,
        "Color Space": "sRGB",
        "Blue Component": 0.37647058820000001,
        "Alpha Component": 1,
        "Green Component": 0.39607843139999999
      },
      "Ansi 2 Color": {
        "Red Component": 0.1176470588,
        "Color Space": "sRGB",
        "Blue Component": 0.23529411759999999,
        "Alpha Component": 1,
        "Green Component": 0.41960784309999999
      },
      "Ansi 8 Color": {
        "Red Component": 0.33333333329999998,
        "Color Space": "sRGB",
        "Blue Component": 0.31372549020000001,
        "Alpha Component": 1,
        "Green Component": 0.31372549020000001
      },
      "Ansi 11 Color": {
        "Red Component": 0.60392156860000001,
        "Color Space": "sRGB",
        "Blue Component": 0,
        "Alpha Component": 1,
        "Green Component": 0.36862745099999999
      },
      "Ansi 3 Color": {
        "Red Component": 0.47843137250000001,
        "Color Space": "sRGB",
        "Blue Component": 0,
        "Alpha Component": 1,
        "Green Component": 0.2901960784
      },
      "Ansi 9 Color": {
        "Red Component": 0.90980392160000001,
        "Color Space": "sRGB",
        "Blue Component": 0.1019607843,
        "Alpha Component": 1,
        "Green Component": 0
      },
      "Ansi 14 Color": {
        "Red Component": 0,
        "Color Space": "sRGB",
        "Blue Component": 0.54117647059999996,
        "Alpha Component": 1,
        "Green Component": 0.54117647059999996
      },
      "Background Color": {
        "Red Component": 1,
        "Color Space": "sRGB",
        "Blue Component": 1,
        "Alpha Component": 1,
        "Green Component": 1
      },
      "Ansi 10 Color": {
        "Red Component": 0.1647058824,
        "Color Space": "sRGB",
        "Blue Component": 0.31372549020000001,
        "Alpha Component": 1,
        "Green Component": 0.54117647059999996
      },
      "Ansi 4 Color": {
        "Red Component": 0.062745097999999999,
        "Color Space": "sRGB",
        "Blue Component": 0.62745098040000002,
        "Alpha Component": 1,
        "Green Component": 0.31372549020000001
      },
      "Cursor Color": {
        "Red Component": 1,
        "Color Space": "sRGB",
        "Blue Component": 0.098039215700000001,
        "Alpha Component": 1,
        "Green Component": 0.2784313725
      },
      "Ansi 5 Color": {
        "Red Component": 0.35294117650000001,
        "Color Space": "sRGB",
        "Blue Component": 0.60392156860000001,
        "Alpha Component": 1,
        "Green Component": 0.1764705882
      },
      "Ansi 13 Color": {
        "Red Component": 0.47843137250000001,
        "Color Space": "sRGB",
        "Blue Component": 0.75294117650000003,
        "Alpha Component": 1,
        "Green Component": 0.25098039220000001
      },
      "Ansi 0 Color": {
        "Red Component": 0.066666666700000002,
        "Color Space": "sRGB",
        "Blue Component": 0.066666666700000002,
        "Alpha Component": 1,
        "Green Component": 0.066666666700000002
      },
      "Ansi 6 Color": {
        "Red Component": 0,
        "Color Space": "sRGB",
        "Blue Component": 0.43137254899999999,
        "Alpha Component": 1,
        "Green Component": 0.43137254899999999
      },
      "Selection Color": {
        "Red Component": 0.90980392160000001,
        "Color Space": "sRGB",
        "Blue Component": 0.87450980389999999,
        "Alpha Component": 1,
        "Green Component": 0.89411764709999997
      },
      "Foreground Color": {
        "Red Component": 0.066666666700000002,
        "Color Space": "sRGB",
        "Blue Component": 0.066666666700000002,
        "Alpha Component": 1,
        "Green Component": 0.066666666700000002
      },
      "Ansi 12 Color": {
        "Red Component": 0.1019607843,
        "Color Space": "sRGB",
        "Blue Component": 0.80000000000000004,
        "Alpha Component": 1,
        "Green Component": 0.41568627450000001
      },
      "Ansi 1 Color": {
        "Red Component": 0.75294117650000003,
        "Color Space": "sRGB",
        "Blue Component": 0.039215686299999997,
        "Alpha Component": 1,
        "Green Component": 0
      },
      "Name": "designless-light",
      "Guid": "BF7C8682-304E-468B-BD14-AD1D0950F90B",
      "Dynamic Profile Parent Name": "Default"
    }
  ]
}
